{"text": " \u0bb5\u0ba3\u0b95\u0bcd\u0b95\u0bae\u0bcd, \u0bb5\u0ba3\u0b95\u0bcd\u0b95\u0bae\u0bcd!", "segments": [{"id": 0, "seek": 0, "start": 0.0, "end": 2.0, "text": " \u0bb5\u0ba3\u0b95\u0bcd\u0b95\u0bae\u0bcd, \u0bb5\u0ba3\u0b95\u0bcd\u0b95\u0bae\u0bcd!", "tokens": [50365, 13535, 15297, 4234, 2133, 4234, 6980, 26368, 13535, 15297, 4234, 2133, 4234, 6980, 2133, 0, 50465], "temperature": 0.0, "avg_logprob": -0.6481325891282823, "compression_ratio": 1.3636363636363635, "no_speech_prob": 0.7861937880516052}], "language": "ta"}